{"广州市":[113.341527,23.1270407],"韶关市":[113.591544,24.801322],"深圳市":[114.085947,22.547],"珠海市":[113.553986,22.224979],"汕头市":[116.708463,23.37102],"佛山市":[113.122717,23.028762],"江门市":[113.094942,22.590431],"湛江市":[110.364977,21.274898],"茂名市":[110.919229,21.659751],"肇庆市":[112.472529,23.051546],"惠州市":[114.412599,23.079404],"梅州市":[116.117582,24.299112],"汕尾市":[115.364238,22.774485],"河源市":[114.697802,23.746266],"阳江市":[111.975107,21.859222],"清远市":[113.051227,23.685022],"东莞市":[113.746262,23.046237],"中山市":[113.382391,22.521113],"潮州市":[116.632301,23.661701],"揭阳市":[116.355733,23.543778],"云浮市":[112.044439,22.929801]}
